n,tiempo_s,pesadas
100,0.000057,7
500,0.000096,10
1000,0.000076,11
5000,0.000214,13
10000,0.000358,15
50000,0.001458,17
