n,tiempo_s,pesadas
100,0.000021,160
500,0.000080,746
1000,0.000162,1507
5000,0.000904,7945
10000,0.001782,15900
50000,0.010770,82764
